sex,age_years,height_pct,height_cm_sbp,height_cm_dbp,height_in_sbp,height_in_dbp,sbp_p50,sbp_p90,sbp_p95,sbp_p95plus12,dbp_p50,dbp_p90,dbp_p95,dbp_p95plus12
female,1,5,75.4,75.4,29.7,29.7,84,98,101,113,41,54,59,71
female,1,10,76.6,76.6,30.2,30.2,85,99,102,114,42,55,59,71
female,1,25,78.6,78.6,30.9,30.9,86,99,102,114,42,56,60,72
female,1,50,80.8,80.8,31.8,31.8,86,100,103,115,43,56,60,72
female,1,75,83,83,32.7,32.7,87,101,104,116,44,57,61,73
female,1,90,84.9,84.9,33.4,33.4,88,102,105,117,45,58,62,74
female,1,95,86.1,86.1,33.9,33.9,88,102,105,117,46,58,62,74
female,2,5,84.9,84.9,33.4,33.4,87,101,104,116,45,58,62,74
female,2,10,86.3,86.3,34,34,87,101,105,117,46,58,63,75
female,2,25,88.6,88.6,34.9,34.9,88,102,106,118,47,59,63,75
female,2,50,91.1,91.1,35.9,35.9,89,103,106,118,48,60,64,76
female,2,75,93.7,93.7,36.9,36.9,90,104,107,119,49,61,65,77
female,2,90,96,96,37.8,37.8,91,105,108,120,50,62,66,78
female,2,95,97.4,97.4,38.4,38.4,91,106,109,121,51,62,66,78
female,3,5,91,91,35.8,35.8,88,102,106,118,48,60,64,76
female,3,10,92.4,92.4,36.4,36.4,89,103,106,118,48,61,65,77
female,3,25,94.9,94.9,37.3,37.3,89,104,107,119,49,61,65,77
female,3,50,97.6,97.6,38.4,38.4,90,104,108,120,50,62,66,78
female,3,75,100.5,100.5,39.6,39.6,91,105,109,121,51,63,67,79
female,3,90,103.1,103.1,40.6,40.6,92,106,110,122,53,64,68,80
female,3,95,104.6,104.6,41.2,41.2,93,107,110,122,53,65,69,81
female,4,5,97.2,97.2,38.3,38.3,89,103,107,119,50,62,66,78
female,4,10,98.8,98.8,38.9,38.9,90,104,108,120,51,63,67,79
female,4,25,101.4,101.4,39.9,39.9,91,105,109,121,51,64,68,80
female,4,50,104.5,104.5,41.1,41.1,92,106,109,121,53,65,69,81
female,4,75,107.6,107.6,42.4,42.4,93,107,110,122,54,66,70,82
female,4,90,110.5,110.5,43.5,43.5,94,108,111,123,55,67,70,82
female,4,95,112.2,112.2,44.2,44.2,94,108,112,124,55,67,71,83
female,5,5,103.6,103.6,40.8,40.8,90,104,108,120,52,64,68,80
female,5,10,105.3,105.3,41.5,41.5,91,105,109,121,52,65,69,81
female,5,25,108.2,108.2,42.6,42.6,92,106,109,121,53,66,70,82
female,5,50,111.5,111.5,43.9,43.9,93,107,110,122,55,67,71,83
female,5,75,114.9,114.9,45.2,45.2,94,108,111,123,56,68,72,84
female,5,90,118.1,118.1,46.5,46.5,95,109,112,124,57,69,73,85
female,5,95,120,120,47.3,47.3,96,110,113,125,57,70,73,85
female,6,5,110,110,43.3,43.3,92,105,109,121,54,67,70,82
female,6,10,111.8,111.8,44,44,92,106,109,121,54,67,71,83
female,6,25,114.9,114.9,45.2,45.2,93,107,110,122,55,68,72,84
female,6,50,118.4,118.4,46.6,46.6,94,108,111,123,56,69,72,84
female,6,75,122.1,122.1,48.1,48.1,96,109,112,124,57,70,73,85
female,6,90,125.6,125.6,49.4,49.4,97,110,113,125,58,71,74,86
female,6,95,127.7,127.7,50.3,50.3,97,111,114,126,59,71,74,86
female,7,5,115.9,115.9,45.6,45.6,92,106,109,121,55,68,72,84
female,7,10,117.8,117.8,46.4,46.4,93,106,110,122,55,68,72,84
female,7,25,121.1,121.1,47.7,47.7,94,107,111,123,56,69,73,85
female,7,50,124.9,124.9,49.2,49.2,95,109,112,124,57,70,73,85
female,7,75,128.8,128.8,50.7,50.7,97,110,113,125,58,71,74,86
female,7,90,132.5,132.5,52.1,52.1,98,111,114,126,59,72,74,86
female,7,95,134.7,134.7,53,53,99,112,115,127,60,72,75,87
female,8,5,121,121,47.6,47.6,93,107,110,122,56,69,72,84
female,8,10,123,123,48.4,48.4,94,107,111,123,56,70,73,85
female,8,25,126.5,126.5,49.8,49.8,95,108,112,124,57,71,74,86
female,8,50,130.6,130.6,51.4,51.4,97,110,113,125,59,72,74,86
female,8,75,134.7,134.7,53,53,98,111,115,127,60,72,75,87
female,8,90,138.5,138.5,54.5,54.5,99,112,116,128,61,73,75,87
female,8,95,140.9,140.9,55.5,55.5,100,113,117,129,61,73,75,87
female,9,5,125.3,125.3,49.3,49.3,95,108,112,124,57,71,74,86
female,9,10,127.6,127.6,50.2,50.2,95,108,112,124,58,71,74,86
female,9,25,131.3,131.3,51.7,51.7,97,109,113,125,59,72,75,87
female,9,50,135.6,135.6,53.4,53.4,98,111,114,126,60,73,75,87
female,9,75,140.1,140.1,55.1,55.1,99,112,116,128,60,73,75,87
female,9,90,144.1,144.1,56.7,56.7,100,113,117,129,61,73,75,87
female,9,95,146.6,146.6,57.7,57.7,101,114,118,130,61,73,75,87
female,10,5,129.7,129.7,51.1,51.1,96,109,113,125,58,72,75,87
female,10,10,132.2,132.2,52,52,97,110,114,126,59,73,75,87
female,10,25,136.3,136.3,53.7,53.7,98,111,114,126,59,73,76,88
female,10,50,141,141,55.5,55.5,99,112,116,128,60,73,76,88
female,10,75,145.8,145.8,57.4,57.4,101,113,117,129,61,73,76,88
female,10,90,150.2,150.2,59.1,59.1,102,115,119,131,61,73,76,88
female,10,95,152.8,152.8,60.2,60.2,103,116,120,132,62,73,76,88
female,11,5,135.6,135.6,53.4,53.4,98,111,115,127,60,74,76,88
female,11,10,138.3,138.3,54.5,54.5,99,112,116,128,60,74,77,89
female,11,25,142.8,142.8,56.2,56.2,101,113,117,129,60,74,77,89
female,11,50,147.8,147.8,58.2,58.2,102,114,118,130,61,74,77,89
female,11,75,152.8,152.8,60.2,60.2,104,116,120,132,62,74,77,89
female,11,90,157.3,157.3,61.9,61.9,105,118,123,135,63,75,77,89
female,11,95,160,160,63,63,106,120,124,136,64,75,77,89
female,12,5,142.8,142.8,56.2,56.2,102,114,118,130,61,75,78,90
female,12,10,145.5,145.5,57.3,57.3,102,115,119,131,61,75,78,90
female,12,25,149.9,149.9,59,59,104,116,120,132,61,75,78,90
female,12,50,154.8,154.8,60.9,60.9,105,118,122,134,62,75,78,90
female,12,75,159.6,159.6,62.8,62.8,107,120,124,136,64,76,79,91
female,12,90,163.8,163.8,64.5,64.5,108,122,125,137,65,76,79,91
female,12,95,166.4,166.4,65.5,65.5,108,122,126,138,65,76,79,91
female,13,5,148.1,148.1,58.3,58.3,104,116,121,133,62,75,79,91
female,13,10,150.6,150.6,59.3,59.3,105,117,122,134,62,75,79,91
female,13,25,154.7,154.7,60.9,60.9,106,119,123,135,63,75,79,91
female,13,50,159.2,159.2,62.7,62.7,107,121,124,136,64,76,79,91
female,13,75,163.7,163.7,64.5,64.5,108,122,126,138,65,76,80,92
female,13,90,167.8,167.8,66.1,66.1,108,123,126,138,65,76,80,92
female,13,95,170.2,170.2,67,67,109,123,127,139,66,76,81,93
female,14,5,150.6,150.6,59.3,59.3,105,118,123,135,63,76,80,92
female,14,10,153,153,60.2,60.2,106,118,123,135,63,76,80,92
female,14,25,156.9,156.9,61.8,61.8,107,120,124,136,64,76,80,92
female,14,50,161.3,161.3,63.5,63.5,108,122,125,137,65,76,80,92
female,14,75,165.7,165.7,65.2,65.2,109,123,126,138,66,77,81,93
female,14,90,169.7,169.7,66.8,66.8,109,123,127,139,66,77,81,93
female,14,95,172.1,172.1,67.7,67.7,109,123,127,139,66,77,82,94
female,15,5,151.7,151.7,59.7,59.7,105,118,124,136,64,76,80,92
female,15,10,154,154,60.6,60.6,106,119,124,136,64,76,80,92
female,15,25,157.9,157.9,62.2,62.2,107,121,125,137,64,76,80,92
female,15,50,162.3,162.3,63.9,63.9,108,122,126,138,65,77,81,93
female,15,75,166.7,166.7,65.6,65.6,109,123,127,139,66,77,82,94
female,15,90,170.6,170.6,67.2,67.2,109,123,127,139,67,78,82,94
female,15,95,173,173,68.1,68.1,109,124,128,140,67,78,82,94
female,16,5,152.1,152.1,59.9,59.9,106,119,124,136,64,76,80,92
female,16,10,154.5,154.5,60.8,60.8,107,120,125,137,64,76,80,92
female,16,25,158.4,158.4,62.4,62.4,108,122,125,137,65,76,80,92
female,16,50,162.8,162.8,64.1,64.1,109,123,127,139,66,77,81,93
female,16,75,167.1,167.1,65.8,65.8,109,124,127,139,66,78,82,94
female,16,90,171.1,171.1,67.3,67.3,110,124,128,140,67,78,82,94
female,16,95,173.4,173.4,68.3,68.3,110,124,128,140,67,78,82,94
female,17,5,152.4,152.4,60,60,107,120,125,137,64,76,80,92
female,17,10,154.7,154.7,60.9,60.9,108,121,125,137,64,76,80,92
female,17,25,158.7,158.7,62.5,62.5,109,123,126,138,65,77,80,92
female,17,50,163,163,64.2,64.2,110,124,127,139,66,77,81,93
female,17,75,167.4,167.4,65.9,65.9,110,124,128,140,66,78,82,94
female,17,90,171.3,171.3,67.4,67.4,110,125,128,140,66,78,82,94
female,17,95,173.7,173.7,68.4,68.4,111,125,128,140,67,78,82,94
male,1,5,77.2,77.2,30.4,30.4,85,98,102,114,40,52,54,66
male,1,10,78.3,78.3,30.8,30.8,85,99,102,114,40,52,54,66
male,1,25,80.2,80.2,31.6,31.6,86,99,103,115,40,53,55,67
male,1,50,82.4,82.4,32.4,32.4,86,100,103,115,41,53,55,67
male,1,75,84.6,84.6,33.3,33.3,87,100,104,116,41,54,56,68
male,1,90,86.7,86.7,34.1,34.1,88,101,105,117,42,54,57,69
male,1,95,87.9,87.9,34.6,34.6,88,101,105,117,42,54,57,69
male,2,5,86.1,86.1,33.9,33.9,87,100,104,116,43,55,57,69
male,2,10,87.4,87.4,34.4,34.4,87,100,105,117,43,55,58,70
male,2,25,89.6,89.6,35.3,35.3,88,101,105,117,44,56,58,70
male,2,50,92.1,92.1,36.3,36.3,89,102,106,118,44,56,59,71
male,2,75,94.7,94.7,37.3,37.3,89,103,107,119,45,57,60,72
male,2,90,97.1,97.1,38.2,38.2,90,103,107,119,46,58,61,73
male,2,95,98.5,98.5,38.8,38.8,91,104,108,120,46,58,61,73
male,3,5,92.5,92.5,36.4,36.4,88,101,106,118,45,58,60,72
male,3,10,93.9,93.9,37,37,89,102,106,118,46,58,61,73
male,3,25,96.3,96.3,37.9,37.9,89,102,107,119,46,59,61,73
male,3,50,99,99,39,39,90,103,107,119,47,59,62,74
male,3,75,101.8,101.8,40.1,40.1,91,104,108,120,48,60,63,75
male,3,90,104.3,104.3,41.1,41.1,92,105,109,121,49,61,64,76
male,3,95,105.8,105.8,41.7,41.7,92,105,109,121,49,61,64,76
male,4,5,98.5,98.5,38.8,38.8,90,102,107,119,48,60,63,75
male,4,10,100.2,100.2,39.4,39.4,90,103,107,119,49,61,64,76
male,4,25,102.9,102.9,40.5,40.5,91,104,108,120,49,62,65,77
male,4,50,105.9,105.9,41.7,41.7,92,105,108,120,50,62,66,78
male,4,75,108.9,108.9,42.9,42.9,93,105,109,121,51,63,67,79
male,4,90,111.5,111.5,43.9,43.9,94,106,110,122,52,64,67,79
male,4,95,113.2,113.2,44.5,44.5,94,107,110,122,52,64,68,80
male,5,5,104.4,104.4,41.1,41.1,91,103,107,119,51,63,66,78
male,5,10,106.2,106.2,41.8,41.8,92,104,108,120,51,64,67,79
male,5,25,109.1,109.1,43,43,93,105,109,121,52,65,68,80
male,5,50,112.4,112.4,44.3,44.3,94,106,109,121,53,65,69,81
male,5,75,115.7,115.7,45.5,45.5,95,107,110,122,54,66,70,82
male,5,90,118.6,118.6,46.7,46.7,96,108,111,123,55,67,70,82
male,5,95,120.3,120.3,47.4,47.4,96,108,112,124,55,67,71,83
male,6,5,110.3,110.3,43.4,43.4,93,105,108,120,54,66,69,81
male,6,10,112.2,112.2,44.2,44.2,93,105,109,121,54,66,70,82
male,6,25,115.3,115.3,45.4,45.4,94,106,110,122,55,67,70,82
male,6,50,118.9,118.9,46.8,46.8,95,107,111,123,56,68,71,83
male,6,75,122.4,122.4,48.2,48.2,96,109,112,124,57,68,72,84
male,6,90,125.6,125.6,49.4,49.4,97,110,113,125,57,69,72,84
male,6,95,127.5,127.5,50.2,50.2,98,110,114,126,58,69,73,85
male,7,5,116.1,116.1,45.7,45.7,94,106,110,122,56,68,71,83
male,7,10,118,118,46.5,46.5,94,107,110,122,56,68,71,83
male,7,25,121.4,121.4,47.8,47.8,95,108,111,123,57,69,72,84
male,7,50,125.1,125.1,49.3,49.3,97,109,112,124,58,70,73,85
male,7,75,128.9,128.9,50.8,50.8,98,110,114,126,58,70,73,85
male,7,90,132.4,132.4,52.1,52.1,98,111,115,127,59,71,74,86
male,7,95,134.5,134.5,52.9,52.9,99,111,116,128,59,71,74,86
male,8,5,121.4,121.4,47.8,47.8,95,107,111,123,57,69,72,84
male,8,10,123.5,123.5,48.6,48.6,96,108,112,124,57,70,73,85
male,8,25,127,127,50,50,97,109,112,124,58,70,73,85
male,8,50,131,131,51.6,51.6,98,110,114,126,59,71,74,86
male,8,75,135.1,135.1,53.2,53.2,99,111,115,127,59,72,75,87
male,8,90,138.8,138.8,54.6,54.6,99,112,116,128,60,72,75,87
male,8,95,141,141,55.5,55.5,100,112,117,129,60,73,75,87
male,9,5,126,126,49.6,49.6,96,107,112,124,57,70,74,86
male,9,10,128.3,128.3,50.5,50.5,97,108,112,124,58,71,74,86
male,9,25,132.1,132.1,52,52,98,109,113,125,59,72,75,87
male,9,50,136.3,136.3,53.7,53.7,99,110,115,127,60,73,76,88
male,9,75,140.7,140.7,55.4,55.4,100,112,116,128,61,74,76,88
male,9,90,144.7,144.7,56.9,56.9,101,113,118,130,62,74,77,89
male,9,95,147.1,147.1,57.9,57.9,101,114,119,131,62,74,77,89
male,10,5,130.2,130.2,51.3,51.3,97,108,112,124,59,72,76,88
male,10,10,132.7,132.7,52.2,52.2,98,109,113,125,60,73,76,88
male,10,25,136.7,136.7,53.8,53.8,99,111,114,126,61,74,77,89
male,10,50,141.3,141.3,55.6,55.6,100,112,116,128,62,74,77,89
male,10,75,145.9,145.9,57.4,57.4,101,113,118,130,63,75,78,90
male,10,90,150.1,150.1,59.1,59.1,102,115,120,132,63,75,78,90
male,10,95,152.7,152.7,60.1,60.1,103,116,121,133,64,76,78,90
male,11,5,134.7,134.7,53,53,99,110,114,126,61,74,77,89
male,11,10,137.3,137.3,54,54,99,111,114,126,61,74,78,90
male,11,25,141.5,141.5,55.7,55.7,101,112,116,128,62,75,78,90
male,11,50,146.4,146.4,57.6,57.6,102,114,118,130,63,75,78,90
male,11,75,151.3,151.3,59.6,59.6,103,116,120,132,63,75,78,90
male,11,90,155.8,155.8,61.3,61.3,104,117,123,135,63,76,78,90
male,11,95,158.6,158.6,62.4,62.4,106,118,124,136,63,76,78,90
male,12,5,140.3,140.3,55.2,55.2,101,113,116,128,61,75,78,90
male,12,10,143,143,56.3,56.3,101,114,117,129,62,75,78,90
male,12,25,147.5,147.5,58.1,58.1,102,115,118,130,62,75,78,90
male,12,50,152.7,152.7,60.1,60.1,104,117,121,133,62,75,78,90
male,12,75,157.9,157.9,62.2,62.2,106,119,124,136,62,75,78,90
male,12,90,162.6,162.6,64,64,108,121,126,138,63,76,79,91
male,12,95,165.5,165.5,65.2,65.2,109,122,128,140,63,76,79,91
male,13,5,147,147,57.9,57.9,103,115,119,131,61,74,78,90
male,13,10,150,150,59.1,59.1,104,116,120,132,60,74,78,90
male,13,25,154.9,154.9,61,61,105,118,122,134,61,74,78,90
male,13,50,160.3,160.3,63.1,63.1,108,121,125,137,62,75,78,90
male,13,75,165.7,165.7,65.2,65.2,110,124,128,140,63,76,80,92
male,13,90,170.5,170.5,67.1,67.1,111,126,130,142,64,77,81,93
male,13,95,173.4,173.4,68.3,68.3,112,126,131,143,65,77,81,93
male,14,5,153.8,153.8,60.6,60.6,105,119,123,135,60,74,77,89
male,14,10,156.9,156.9,61.8,61.8,106,120,125,137,60,74,78,90
male,14,25,162,162,63.8,63.8,109,123,127,139,62,75,79,91
male,14,50,167.5,167.5,65.9,65.9,111,126,130,142,64,77,81,93
male,14,75,172.7,172.7,68,68,112,127,132,144,65,78,82,94
male,14,90,177.4,177.4,69.8,69.8,113,128,133,145,66,79,83,95
male,14,95,180.1,180.1,70.9,70.9,113,129,134,146,67,80,84,96
male,15,5,159,159,62.6,62.6,108,123,127,139,61,75,78,90
male,15,10,162,162,63.8,63.8,110,124,129,141,62,76,79,91
male,15,25,166.9,166.9,65.7,65.7,112,126,131,143,64,78,81,93
male,15,50,172.2,172.2,67.8,67.8,113,128,132,144,65,79,83,95
male,15,75,177.2,177.2,69.8,69.8,114,129,134,146,66,80,84,96
male,15,90,181.6,181.6,71.5,71.5,114,130,135,147,67,81,85,97
male,15,95,184.2,184.2,72.5,72.5,114,130,135,147,68,81,85,97
male,16,5,162.1,162.1,63.8,63.8,111,126,130,142,63,77,80,92
male,16,10,165,165,64.9,64.9,112,127,131,143,64,78,81,93
male,16,25,169.6,169.6,66.8,66.8,114,128,133,145,66,79,83,95
male,16,50,174.6,174.6,68.8,68.8,115,129,134,146,67,80,84,96
male,16,75,179.5,179.5,70.7,70.7,115,131,135,147,68,81,85,97
male,16,90,183.8,183.8,72.4,72.4,116,131,136,148,69,82,86,98
male,16,95,186.4,186.4,73.4,73.4,116,132,137,149,69,82,86,98
male,17,5,163.8,163.8,64.5,64.5,114,128,132,144,65,78,81,93
male,17,10,166.5,166.5,65.5,65.5,115,129,133,145,66,79,82,94
male,17,25,170.9,170.9,67.3,67.3,116,130,134,146,67,80,84,96
male,17,50,175.8,175.8,69.2,69.2,117,131,135,147,68,81,85,97
male,17,75,180.7,180.7,71.1,71.1,117,132,137,149,69,82,86,98
male,17,90,184.9,184.9,72.8,72.8,118,133,138,150,70,82,86,98
male,17,95,187.5,187.5,73.8,73.8,118,134,138,150,70,83,87,99
